Product,Price
Crocs Unisex-Adult Men's and Women's Classic Clog,$29.02 - $102.84
Charmnight Womens High Waist Tights Fishnet Stockings Thigh High Pantyhose,$5.99 - $6.99
Hanes Men's EcoSmart Sweatshirt,$4.99 - $30.70
Hanes Men's Pullover EcoSmart Hooded Sweatshirt,$12.15 - $42.90
"Gildan Men's Ultra Cotton T-Shirt, Style G2400",$9.99 - $154.08
"Gildan Men's Fleece Hooded Sweatshirt, Style G18500",$11.89 - $37.56
Fruit of the Loom Men's Eversoft Fleece Sweatshirts & Hoodies,$10.98 - $125.00
Legendary Whitetails Men's Buck Camp Flannel Shirt,$29.99 - $56.49
Hanes Men's Beefy Long Sleeve Henley Shirt,$8.55 - $24.93
Urban CoCo Women's Basic Versatile Stretchy Flared Casual Mini Skater Skirt,$13.98 - $28.21
Carhartt Men's Knit Cuffed Beanie,$16.95 - $54.99
Dickies Men's Dri-tech Moisture Control Crew Socks Multipack,$10.25 - $42.00
"EOPUING Women's Winter Trench Coats, Basic Breasted Lapel Slim Long Sleeve Fall Warm Mid-Long Jacket Pea Coat Overwear",$8.49 - $23.09
"Gildan Men's Ultra Cotton T-Shirt, Style G2000",$8.48 - $109.94
"Gildan Men's Crew T-Shirts, Multipack",$15.97 - $75.12
Fruit of the Loom Men's Coolzone Boxer Briefs,$14.00 - $454.69
"Gildan Men's V-Neck T-Shirts, Multipack",$11.50 - $46.31
Fruit of the Loom Men's Eversoft Fleece Sweatpants,$10.99 - $125.00
Simplicity Women's Adult Classic Elastic 3 or 4 Layered Tulle Tutu Skirt,$14.99 - $18.99
UNIPIN Women Cardigan Hooded Oversized Fleece Faux Fur Winter Bear Ears Warm Jacket Button Fluffy Pullover Coats S-5XL,$3.99 - $32.99
T-Shirt for Women V Neck Long Sleeve Pullover Top Sugar Skull Diamond Print Christmas Shirt with Santa Claus Wine Glass,$14.97 - $15.98
"LINKIOM Women's Winter Trench Coats, Basic Breasted Lapel Slim Long Sleeve Fall Warm Mid-Long Jacket Pea Coat Overwear",$7.29 - $25.90
Amoretu Women Summer Tunic Dress V Neck Casual Loose Flowy Swing Shift Dresses,$23.99 - $31.99
"Gildan Men's Fleece Crewneck Sweatshirt, Style G18000",$9.88 - $30.66
Leggings Depot Women's Printed Solid Activewear Jogger Track Cuff Sweatpants,$8.99 - $16.99
SATINA High Waisted Leggings for Women - Soft Women’s Leggings in Capri & Full Lengths - Regular and Plus Sizes in 25…,$9.99 - $15.99
MANGOPOP Women's Mock Turtle Neck Long Sleeve Tops Bodysuit Jumpsuit,$9.98 - $19.98
Signature by Levi Strauss & Co. Gold Label Women's Totally Shaping Pull-on Skinny Jeans,$18.60 - $58.94
Levi's Men's 505 Regular Fit Jeans,$29.98 - $69.50
Hanes Men's Full-Zip Eco-Smart Hoodie,$12.99 - $44.95
Hanes Women's EcoSmart Crewneck Sweatshirt,$6.72 - $21.11
frawirshau Women's Lace Up Boned Overbust Corset Bustier Lingerie Bodyshaper Top,$18.99 - $23.99
Carhartt Kids Acrylic Watch Hat,$11.86 - $12.99
Wrangler Authentics Men's Classic 5-Pocket Relaxed Fit Cotton Jean,$20.99 - $48.23
MIHOLL Women’s Long Sleeve Tops Lace Casual Loose Blouses T Shirts,$9.99 - $22.99
"Gildan Men's Heavy Cotton T-Shirt, Style G5000, 2-Pack",$8.50 - $32.36
"Gildan Youth Hooded Sweatshirt, Style G18500B",$11.99 - $27.17
Hanes Girls' ComfortSoft Long Sleeve Tee,$5.00 - $12.50
Sivvan Women's Comfort Long Sleeve T-Shirt/Underscrub Tee,$13.59 - $16.02
Jerzees Men's Dri-Power Long Sleeve T-Shirt,$5.93 - $34.93
akiido Fishnet Stockings Fishnet Tights Thigh High Stockings Pantyhose High Waist Tights,$5.59 - $14.99
Carhartt Men's K87 Workwear Short Sleeve T-Shirt (Regular and Big & Tall Sizes),$14.99 - $39.17
Crocs Unisex-Child Classic Clog with Dual Sizing | Slip Water Shoes,$19.87 - $81.95
Hanes Women's Jersey Full Zip Hoodie,$7.49 - $37.29
Alimens & Gentle Men's Button Down Regular Fit Long Sleeve Plaid Flannel Casual Shirts,$13.99 - $26.99
Baby Boys Girls Dinosaur Cartoon Down Winter Thick Warm Long Sleeve Hoodie Jacket Cute Bear Ear Zipper Coat with Pocket,$8.99 - $33.98
"Women's, Teen, Adult Classic Elastic 3, 4, 5 Layered Tulle Tutu Skirt",$9.99 - $16.99
No Show Socks Women Low Socks Non Slip Flat Boat Line 4/8 Pairs,$11.89 - $16.89
Just Love Adult Onesie Pajamas,$59.98 - $69.99
Amazon Essentials Women's Cotton Stretch Bikini Panty,$11.48 - $20.00
