Product Name,Rating,No. reviews,Price
LINKIOM Children's Padded Jacket Fashion Print Cartoon Long Collar Hooded Padded Fleece Warm Coat Winter Hoodie Outwear,1.0,4,$18.29 - $32.66
Hanes Men's EcoSmart Sweatshirt,4.6,"105,443",$4.99 - $30.70
Crocs Unisex-Adult Men's and Women's Classic Clog,4.8,"256,878",$27.72 - $102.84
"Gildan Men's Fleece Hooded Sweatshirt, Style G18500",4.6,"67,668",$11.89 - $37.56
"Gildan Men's Ultra Cotton T-Shirt, Style G2400",4.6,"80,780",$9.99 - $157.68
Hanes Men's Pullover EcoSmart Hooded Sweatshirt,4.6,"104,092",$12.00 - $41.99
Carhartt Men's Knit Cuffed Beanie,4.8,"110,151",$16.97 - $55.00
Hanes Men's Beefy Long Sleeve Henley Shirt,4.6,"50,210",$8.59 - $24.93
Fruit of the Loom Men's Eversoft Fleece Sweatshirts & Hoodies,4.7,"1,594",$9.99 - $125.00
Legendary Whitetails Men's Buck Camp Flannel Shirt,4.6,"41,732",$29.99 - $56.26
Fruit of the Loom Men's Eversoft Fleece Sweatpants,4.5,"1,172",$10.99 - $125.00
Dickies Men's Dri-tech Moisture Control Crew Socks Multipack,4.7,"133,192",$12.09 - $42.00
"Gildan Men's Crew T-Shirts, Multipack",4.6,"165,498",$13.89 - $75.12
Just Love Adult Onesie Costume,4.5,"4,236",$59.98
MANGOPOP Women's Mock Turtle Neck Long Sleeve Tops Bodysuit Jumpsuit,4.3,"19,197",$9.98 - $19.98
Fruit of the Loom Men's Coolzone Boxer Briefs (Assorted Colors),4.7,"116,101",$11.99 - $454.69
Levi's Men's 505 Regular Fit Jeans,4.6,"72,787",$28.99 - $69.50
Charmnight Womens High Waist Tights Fishnet Stockings Thigh High Pantyhose,4.6,"30,144",$5.99 - $6.99
Hanes Women's EcoSmart Crewneck Sweatshirt,4.3,"32,569",$6.72 - $21.43
"Gildan Men's Fleece Crewneck Sweatshirt, Style G18000",4.7,"29,498",$9.88 - $30.66
Amoretu Women Summer Tunic Dress V Neck Casual Loose Flowy Swing Shift Dresses,3.9,"38,248",$24.98 - $31.99
SATINA High Waisted Leggings for Women - Soft Women’s Leggings in Capri & Full Lengths - Regular and Plus Sizes in 25 Colors,4.3,"67,980",$9.99 - $15.99
Carhartt Men's K87 Workwear Short Sleeve T-Shirt (Regular and Big & Tall Sizes),4.7,"103,927",$13.08 - $49.99
Alimens & Gentle Men's Button Down Regular Fit Long Sleeve Plaid Flannel Casual Shirts,4.6,"28,919",$13.99 - $26.99
Wrangler Authentics Men's Classic 5-Pocket Relaxed Fit Cotton Jean,4.6,"92,407",$21.00 - $48.82
MIHOLL Women’s Long Sleeve Tops Lace Casual Loose Blouses T Shirts,4.3,"20,327",$9.99 - $22.99
"Gildan Men's V-Neck T-Shirts, Multipack",4.5,"79,333",$11.50 - $46.92
"Gildan Men's Ultra Cotton T-Shirt, Style G2000",4.5,"50,874",$7.09 - $109.94
Signature by Levi Strauss & Co. Gold Label Women's Totally Shaping Pull-on Skinny Jeans,4.2,"69,546",$19.09 - $58.94
Hudson Baby Unisex-Baby Cozy Fleece Booties,4.8,"45,544",$6.15 - $28.99
Fruit of the Loom Men's Tag-Free Cotton Briefs,4.7,"37,329",$11.98 - $375.00
Hanes Men's Full-Zip Eco-Smart Hoodie,4.6,"75,123",$11.99 - $44.95
Urban CoCo Women's Basic Versatile Stretchy Flared Casual Mini Skater Skirt,4.5,"59,386",$13.90 - $26.83
Jerzees Men's Dri-Power Long Sleeve T-Shirt,4.6,"30,410",$5.93 - $23.97
Levi's Men's 550 Relaxed Fit Jeans,4.6,"48,500",$25.99 - $69.50
"Gildan Men's Heavy Cotton T-Shirt, Style G5000, 2-Pack",4.5,"30,496",$8.50 - $29.34
LEE Women’s Relaxed Fit All Day Straight Leg Pant,4.3,"18,716",$18.49 - $59.99
Leggings Depot Women's Printed Solid Activewear Jogger Track Cuff Sweatpants,4.4,"78,438",$8.99 - $16.99
akiido Fishnet Stockings Fishnet Tights Thigh High Stockings Pantyhose High Waist Tights,4.5,"21,798",$5.99 - $14.99
Simple Joys by Carter's Baby and Toddler Boys' 3-Pack Loose Fit Fleece Footed Pajamas,4.8,"30,708",$25.90 - $26.00
Amazon Essentials Men's Regular-Fit Long-Sleeve Plaid Flannel Shirt,4.7,"23,345",$19.10 - $33.73
Crocs Unisex Clog,4.8,"87,127",$19.00 - $78.00
Amazon Essentials Women's Cotton Stretch Bikini Panty,4.7,"7,452",$13.50
Carhartt Kids Acrylic Watch Hat,4.9,"32,190",$12.99 - $16.89
"Champion Men's Powerblend Fleece Pullover Hoodie, Classic Script Logo",4.8,"36,525",$22.99 - $81.20
Sivvan Women's Comfort Long Sleeve T-Shirt/Underscrub Tee,4.3,"33,837",$11.19 - $15.99
Colorfulkoala Women's Buttery Soft High Waisted Yoga Pants Full-Length Leggings,4.4,"34,016",$22.99
"Gildan Men's Fleece Zip Hooded Sweatshirt, Style G18600",4.7,"30,195",$13.18 - $40.90
Champion Men's Jersey Jogger,4.4,"15,971",$15.00 - $45.81
Fruit of the Loom Men's Stay Tucked Crew T-Shirt,4.7,"63,019",$14.83 - $238.40
LINKIOM Children's Padded Jacket Fashion Print Cartoon Long Collar Hooded Padded Fleece Warm Coat Winter Hoodie Outwear,1.0,4,$18.29 - $32.66
Hanes Men's EcoSmart Sweatshirt,4.6,"105,443",$4.99 - $30.70
Crocs Unisex-Adult Men's and Women's Classic Clog,4.8,"256,878",$27.72 - $102.84
"Gildan Men's Fleece Hooded Sweatshirt, Style G18500",4.6,"67,668",$11.89 - $37.56
"Gildan Men's Ultra Cotton T-Shirt, Style G2400",4.6,"80,780",$9.99 - $157.68
Hanes Men's Pullover EcoSmart Hooded Sweatshirt,4.6,"104,092",$12.00 - $41.99
Carhartt Men's Knit Cuffed Beanie,4.8,"110,151",$16.97 - $55.00
Hanes Men's Beefy Long Sleeve Henley Shirt,4.6,"50,210",$8.59 - $24.93
Fruit of the Loom Men's Eversoft Fleece Sweatshirts & Hoodies,4.7,"1,594",$9.99 - $125.00
Legendary Whitetails Men's Buck Camp Flannel Shirt,4.6,"41,732",$29.99 - $56.26
Fruit of the Loom Men's Eversoft Fleece Sweatpants,4.5,"1,172",$10.99 - $125.00
Dickies Men's Dri-tech Moisture Control Crew Socks Multipack,4.7,"133,192",$12.09 - $42.00
"Gildan Men's Crew T-Shirts, Multipack",4.6,"165,498",$13.89 - $75.12
Just Love Adult Onesie Costume,4.5,"4,236",$59.98
MANGOPOP Women's Mock Turtle Neck Long Sleeve Tops Bodysuit Jumpsuit,4.3,"19,197",$9.98 - $19.98
Fruit of the Loom Men's Coolzone Boxer Briefs (Assorted Colors),4.7,"116,101",$11.99 - $454.69
Levi's Men's 505 Regular Fit Jeans,4.6,"72,787",$28.99 - $69.50
Charmnight Womens High Waist Tights Fishnet Stockings Thigh High Pantyhose,4.6,"30,144",$5.99 - $6.99
Hanes Women's EcoSmart Crewneck Sweatshirt,4.3,"32,569",$6.72 - $21.43
"Gildan Men's Fleece Crewneck Sweatshirt, Style G18000",4.7,"29,498",$9.88 - $30.66
Amoretu Women Summer Tunic Dress V Neck Casual Loose Flowy Swing Shift Dresses,3.9,"38,248",$24.98 - $31.99
SATINA High Waisted Leggings for Women - Soft Women’s Leggings in Capri & Full Lengths - Regular and Plus Sizes in 25 Colors,4.3,"67,980",$9.99 - $15.99
Carhartt Men's K87 Workwear Short Sleeve T-Shirt (Regular and Big & Tall Sizes),4.7,"103,927",$13.08 - $49.99
Alimens & Gentle Men's Button Down Regular Fit Long Sleeve Plaid Flannel Casual Shirts,4.6,"28,919",$13.99 - $26.99
Wrangler Authentics Men's Classic 5-Pocket Relaxed Fit Cotton Jean,4.6,"92,407",$21.00 - $48.82
MIHOLL Women’s Long Sleeve Tops Lace Casual Loose Blouses T Shirts,4.3,"20,327",$9.99 - $22.99
"Gildan Men's V-Neck T-Shirts, Multipack",4.5,"79,333",$11.50 - $46.92
"Gildan Men's Ultra Cotton T-Shirt, Style G2000",4.5,"50,874",$7.09 - $109.94
Signature by Levi Strauss & Co. Gold Label Women's Totally Shaping Pull-on Skinny Jeans,4.2,"69,546",$19.09 - $58.94
Hudson Baby Unisex-Baby Cozy Fleece Booties,4.8,"45,544",$6.15 - $28.99
Fruit of the Loom Men's Tag-Free Cotton Briefs,4.7,"37,329",$11.98 - $375.00
Hanes Men's Full-Zip Eco-Smart Hoodie,4.6,"75,123",$11.99 - $44.95
Urban CoCo Women's Basic Versatile Stretchy Flared Casual Mini Skater Skirt,4.5,"59,386",$13.90 - $26.83
Jerzees Men's Dri-Power Long Sleeve T-Shirt,4.6,"30,410",$5.93 - $23.97
Levi's Men's 550 Relaxed Fit Jeans,4.6,"48,500",$25.99 - $69.50
"Gildan Men's Heavy Cotton T-Shirt, Style G5000, 2-Pack",4.5,"30,496",$8.50 - $29.34
LEE Women’s Relaxed Fit All Day Straight Leg Pant,4.3,"18,716",$18.49 - $59.99
Leggings Depot Women's Printed Solid Activewear Jogger Track Cuff Sweatpants,4.4,"78,438",$8.99 - $16.99
akiido Fishnet Stockings Fishnet Tights Thigh High Stockings Pantyhose High Waist Tights,4.5,"21,798",$5.99 - $14.99
Simple Joys by Carter's Baby and Toddler Boys' 3-Pack Loose Fit Fleece Footed Pajamas,4.8,"30,708",$25.90 - $26.00
Amazon Essentials Men's Regular-Fit Long-Sleeve Plaid Flannel Shirt,4.7,"23,345",$19.10 - $33.73
Crocs Unisex Clog,4.8,"87,127",$19.00 - $78.00
Amazon Essentials Women's Cotton Stretch Bikini Panty,4.7,"7,452",$13.50
Carhartt Kids Acrylic Watch Hat,4.9,"32,190",$12.99 - $16.89
"Champion Men's Powerblend Fleece Pullover Hoodie, Classic Script Logo",4.8,"36,525",$22.99 - $81.20
Sivvan Women's Comfort Long Sleeve T-Shirt/Underscrub Tee,4.3,"33,837",$11.19 - $15.99
Colorfulkoala Women's Buttery Soft High Waisted Yoga Pants Full-Length Leggings,4.4,"34,016",$22.99
"Gildan Men's Fleece Zip Hooded Sweatshirt, Style G18600",4.7,"30,195",$13.18 - $40.90
Champion Men's Jersey Jogger,4.4,"15,971",$15.00 - $45.81
Fruit of the Loom Men's Stay Tucked Crew T-Shirt,4.7,"63,019",$14.83 - $238.40
